id;full_name;email;contact_number;description
1;mmm afore;Steve.Wintheiser50@hotmail.com;fervently easil;above excluding patiently
2;scatter seethe scientific;Emelie.Leuschke@hotmail.com;oil amortise;black
3;impressive gush;Dorcas_Hilpert@yahoo.com;argue hence;once estimate kookily
4;proceed er preset;Garnett.Conroy10@yahoo.com;aside virtuous;anti
5;between;Sigmund_Lynch85@hotmail.com;rebel merry;dwell
6;arrival;Rashawn_Bode8@hotmail.com;ugh poorly;ick provided
7;under;Litzy74@yahoo.com;valiantly;number
8;finally;Buck_Schinner@gmail.com;even officially;notable ouch
9;oh with undress;Rosalyn.Steuber46@hotmail.com;ginger;outgoing opposite
10;aside;Linda.Nitzsche@gmail.com;roughly never;hm
