id;file_name;file_content;file_content_content_type;file_path;description
1;legal wooden duh;../fake-data/blob/hipster.png;image/png;concerning since classic;which
2;retire gadzooks;../fake-data/blob/hipster.png;image/png;congress woot;reproachfully inventory aw
3;evoke;../fake-data/blob/hipster.png;image/png;pepper why swat;aha lasting among
4;size;../fake-data/blob/hipster.png;image/png;uh-huh alcove;outside ick vivacious
5;as hire like;../fake-data/blob/hipster.png;image/png;cone meh worse;clone anywhere
6;ultimately smolt;../fake-data/blob/hipster.png;image/png;spirited;softly smart
7;enable;../fake-data/blob/hipster.png;image/png;if;when scared clear-cut
8;what worriedly;../fake-data/blob/hipster.png;image/png;than forenenst;corny twin
9;anti;../fake-data/blob/hipster.png;image/png;every oof;pace
10;safely rapidly;../fake-data/blob/hipster.png;image/png;jut;zowie
